rowname,x,y;;;
20940176935,18.455397,-33.944928;;;
20940176936,18.455652,-33.945228;;;20940176935    
20940176937,18.455865,-33.945245;;;
20940176938,18.454537,-33.942208;;;
20940176939,18.453732,-33.942368;;;
20940176940,18.454008,-33.942328;;;
20940176941,18.463797,-33.95043;;;
20940176942,18.462192,-33.95287;;;
20940176943,18.461448,-33.95271;;;
20940176944,18.461098,-33.950735;;;
20940176945,18.456282,-33.950873;;;
20940176946,18.455402,-33.950727;;;
20940176947,18.455392,-33.950668;;;
20940176948,18.454492,-33.951392;;;
20940176949,18.448883,-33.959777;;;
20940176950,18.452583,-33.960237;;;
20940176951,18.460428,-33.953293;;;
20940176952,18.459577,-33.950505;;;
20940176953,18.450302,-33.949492;;;
20940176954,18.450038,-33.949568;;;
20940176955,18.44993,-33.949613;;;
20940176956,18.451973,-33.965673;;;
20940176957,18.45235,-33.966445;;;
20940176958,18.451985,-33.966755;;;
20940176959,18.451677,-33.963008;;;
20940176960,18.448288,-33.959847;;;
20940176961,18.448292,-33.9599;;;
20940176962,18.448328,-33.959928;;;
20940176963,18.44833,-33.959863;;;
20940176964,18.448117,-33.959868;;;
20940176965,18.448338,-33.959957;;;
20940176966,18.44839,-33.959885;;;
20940176967,18.448542,-33.95968;;;
20940176968,18.448385,-33.959983;;;
20940176969,18.448327,-33.959908;;;
20940176970,18.448323,-33.959992;;;
20940176971,18.448733,-33.95942;;;
20940176972,18.448583,-33.95937;;;
20940176973,18.451467,-33.958577;;;
20940176974,18.453537,-33.958533;;;
20940176975,18.453678,-33.958537;;;
20940176976,18.457258,-33.956403;;;
20940176977,18.457237,-33.9564;;;
20940176978,18.457405,-33.95637;;;
20940176979,18.45696,-33.956515;;;
20940176980,18.457223,-33.956382;;;
20940176981,18.457153,-33.956375;;;
20940176982,18.45879,-33.953712;;;
20940176983,18.458013,-33.954033;;;
20940176984,18.456835,-33.954058;;;
20940176985,18.456677,-33.953763;;;
20940176986,18.458253,-33.947773;;;
20940176987,18.458313,-33.94737;;;
20940176988,18.458348,-33.94661;;;
20940176989,18.45832,-33.946693;;;
20940176990,18.458318,-33.946628;;;
20940176991,18.458262,-33.946638;;;
20940176992,18.45843,-33.94679;;;
20940176993,18.458723,-33.946623;;;
20940176994,18.458758,-33.946413;;;
20940176995,18.458865,-33.946298;;;
20940176996,18.458748,-33.94643;;;
20940176997,18.458815,-33.946338;;;
20940176998,18.458652,-33.946455;;;
20940176999,18.460127,-33.946612;;;
20940177000,18.460287,-33.94655;;;
20940177001,18.46354,-33.949835;;;
20940177002,18.46323,-33.949798;;;
20940177003,18.463267,-33.94972;;;
20940177004,18.463492,-33.949635;;;
20940177005,18.463355,-33.949703;;;
20940177006,18.463417,-33.94961;;;
20940177007,18.463295,-33.949665;;;
20940177008,18.463153,-33.94983;;;
20940177009,18.463105,-33.949865;;;
20940177010,18.463758,-33.950547;;;
20940177011,18.464498,-33.951498;;;
20940177012,18.463952,-33.952068;;;
20940177013,18.460623,-33.953323;;;
20940177014,18.458588,-33.953805;;;
20940177015,18.45554,-33.955352;;;
20940177016,18.450258,-33.956593;;;
20940177017,18.450523,-33.956812;;;
20940177018,18.450562,-33.95673;;;
20940177019,18.450525,-33.956758;;;
20940177020,18.452355,-33.95995;;;
20940177021,18.457415,-33.964653;;;
20940177022,18.456698,-33.9648;;;
20940177023,18.456755,-33.964377;;;
20940177024,18.453372,-33.96442;;;
20940177025,18.447343,-33.96056;;;
20940177026,18.447177,-33.959642;;;
20940177027,18.447973,-33.95928;;;
20940177028,18.448162,-33.956673;;;
20940177029,18.448848,-33.956228;;;
20940177030,18.447807,-33.950188;;;
20940177031,18.423327,-33.95644;;;
20940177032,18.41033,-33.956562;;;
20940177033,18.395067,-33.952587;;;
20940177034,18.389048,-33.97164;;;
20940177035,18.399245,-33.976322;;;
20940177036,18.401235,-33.982605;;;
20940177037,18.4011,-33.985903;;;
20940177038,18.386752,-34.005195;;;
20940177039,18.386888,-34.00507;;;
20940177040,18.39013,-34.00697;;;
20940177041,18.39607,-34.00598;;;
20940177042,18.396535,-34.005257;;;
20940177043,18.39745,-34.004785;;;
20940177044,18.393238,-34.001742;;;
20940177045,18.4014,-34.008118;;;
20940177046,18.410123,-34.008623;;;
20940177047,18.424458,-33.996007;;;
20940177048,18.433535,-33.979563;;;
20940177049,18.43367,-33.979388;;;
20940177050,18.43456,-33.978197;;;
20940177051,18.437813,-33.976645;;;
20940177052,18.447722,-33.961217;;;
20940177053,18.448067,-33.961213;;;
20940177054,18.451187,-33.958752;;;
20940177055,18.454902,-33.955462;;;
20940177056,18.459077,-33.950807;;;
20940177057,18.459022,-33.950603;;;
20940177058,18.459105,-33.950292;;;
20940177059,18.458557,-33.950577;;;
20940177060,18.453945,-33.945592;;;
20940177061,18.441787,-33.941812;;;
20940177062,18.441872,-33.941697;;;
20940177063,18.441042,-33.949847;;;
20940177064,18.440418,-33.949565;;;
20940177065,18.44688,-33.949593;;;
20940177066,18.451462,-33.958165;;;
20940177067,18.455742,-33.962037;;;
20940177068,18.447592,-33.969732;;;
20940177069,18.442412,-33.974865;;;
20940177070,18.438083,-33.973612;;;
20940177071,18.438137,-33.973105;;;
20940177072,18.438307,-33.972897;;;
20940177073,18.43802,-33.97311;;;
20940177074,18.438087,-33.973075;;;
20940177075,18.438122,-33.972845;;;
20940177076,18.438043,-33.973215;;;
20940177077,18.438175,-33.973302;;;
20940177078,18.437945,-33.973253;;;
20940177079,18.438005,-33.973087;;;
20940177080,18.43803,-33.973115;;;
20940177081,18.437688,-33.97336;;;
20940177082,18.437203,-33.972967;;;
20940177083,18.435773,-33.97032;;;
20940177084,18.436148,-33.969945;;;
20940177085,18.43833,-33.969795;;;
20940177086,18.441683,-33.970343;;;
20940177087,18.444242,-33.967373;;;
20940177088,18.447642,-33.963188;;;
20940177089,18.451945,-33.96283;;;
20940177090,18.452205,-33.962607;;;
20940177091,18.451877,-33.96221;;;
20940177092,18.452167,-33.962288;;;
20940177093,18.454075,-33.96291;;;
20940177094,18.454973,-33.96285;;;
20940177095,18.454913,-33.962795;;;
20940177096,18.454925,-33.961815;;;
20940177097,18.453732,-33.959502;;;
20940177098,18.453833,-33.957937;;;
20940177099,18.453762,-33.957932;;;
20940177100,18.453757,-33.958063;;;
20940177101,18.453805,-33.958047;;;
20940177102,18.455578,-33.957293;;;
20940177103,18.45678,-33.956637;;;
20940177104,18.456912,-33.956757;;;
20940177105,18.457438,-33.956352;;;
20940177106,18.459095,-33.955385;;;
20940177107,18.461773,-33.95283;;;
20940177108,18.462022,-33.952567;;;
20940177109,18.462153,-33.952443;;;
20940177110,18.462033,-33.952577;;;
20940177111,18.462092,-33.952553;;;
20940177112,18.462258,-33.95229;;;
20940177113,18.463683,-33.952035;;;
20940177114,18.463748,-33.952088;;;
20940177115,18.463603,-33.952053;;;
20940177116,18.463838,-33.952123;;;
20940177117,18.463735,-33.952063;;;
20940177118,18.465523,-33.949815;;;
20940177119,18.466258,-33.949248;;;
20940177120,18.466085,-33.94972;;;
20940177121,18.465905,-33.949825;;;
20940177122,18.465833,-33.94987;;;
20940177123,18.465687,-33.949992;;;
20940177124,18.466083,-33.949723;;;
20940177125,18.465858,-33.949627;;;
20940177126,18.465682,-33.949282;;;
20940177127,18.465093,-33.948817;;;
20940177128,18.464385,-33.94854;;;
20940177129,18.463328,-33.945737;;;
20940177130,18.463347,-33.9456;;;
20940177131,18.463307,-33.945525;;;
20940177132,18.463325,-33.945532;;;
20940177133,18.463365,-33.945475;;;
20940177134,18.463348,-33.945477;;;
20940177135,18.463295,-33.945507;;;
20940177136,18.463125,-33.945322;;;
20940177137,18.463892,-33.945767;;;
20940177138,18.463448,-33.945483;;;
20940177139,18.463428,-33.945487;;;
20940177140,18.463453,-33.945492;;;
20940177141,18.463457,-33.945493;;;
20940177142,18.463483,-33.945477;;;
20940177143,18.463483,-33.945477;;;
20940177144,18.459822,-33.944905;;;
20940177145,18.459722,-33.946248;;;
20940177146,18.444898,-33.938805;;;
20940177147,18.445265,-33.940105;;;
20940177148,18.444397,-33.939768;;;
20940177149,18.45114,-33.947187;;;
20940177150,18.450987,-33.947148;;;
20940177151,18.451017,-33.9472;;;
20940177152,18.453795,-33.953668;;;
20940177153,18.448405,-33.960162;;;
20940177154,18.443655,-33.964923;;;
20940177155,18.450523,-33.962865;;;
20940177156,18.45712,-33.964158;;;
20940177157,18.455008,-33.961443;;;
20940177158,18.455555,-33.96076;;;
20940177159,18.453603,-33.96047;;;
20940177160,18.451067,-33.954175;;;
20940177161,18.45973,-33.950753;;;
20940177162,18.46228,-33.9523;;;
20940177163,18.463882,-33.950093;;;
20940177164,18.463167,-33.945393;;;
20940177165,18.463255,-33.944388;;;
20940177166,18.4545,-33.946623;;;
20940177167,18.434592,-33.948722;;;
20940177168,18.401028,-33.942953;;;
20940177169,18.398002,-33.94313;;;
20940177170,18.402022,-33.94245;;;
20940177171,18.392797,-33.943433;;;
20940177172,18.38688,-33.942502;;;
20940177173,18.385387,-33.933032;;;
20940177174,18.389337,-33.937832;;;
20940177175,18.389205,-33.937555;;;
20940177176,18.388505,-33.94003;;;
20940177177,18.386258,-33.939713;;;
20940177178,18.385772,-33.938342;;;
20940177179,18.392625,-33.941915;;;
20940177180,18.389732,-33.942875;;;
20940177181,18.389997,-33.942752;;;
20940177182,18.390002,-33.942897;;;
20940177183,18.39101,-33.943283;;;
20940177184,18.385448,-33.94335;;;
20940177185,18.38991,-33.944303;;;
20940177186,18.388052,-33.943633;;;
20940177187,18.395338,-33.934353;;;
20940177188,18.394955,-33.932265;;;
20940177189,18.40042,-33.92061;;;
20940177190,18.404577,-33.92176;;;
20940177191,18.395958,-33.929393;;;
20940177192,18.395578,-33.931517;;;
20940177193,18.388308,-33.944685;;;
20940177194,18.392637,-33.94273;;;
20940177195,18.393448,-33.96076;;;
20940177196,18.39354,-33.960273;;;
20940177197,18.40111,-33.977263;;;
20940177198,18.417058,-33.99851;;;
20940177199,18.407382,-34.008533;;;
20940177200,18.391858,-34.007377;;;
20940177201,18.389908,-34.007027;;;
20940177202,18.390282,-34.007587;;;
20940177203,18.390308,-34.00751;;;
20940177204,18.390273,-34.0076;;;
20940177205,18.390267,-34.007602;;;
20940177206,18.390273,-34.007587;;;
20940177207,18.390278,-34.007595;;;
20940177208,18.39029,-34.007598;;;
20940177209,18.39027,-34.007612;;;
20940177210,18.390235,-34.00758;;;
20940177211,18.390358,-34.007558;;;
20940177212,18.390565,-34.007283;;;
20940177213,18.390532,-34.007102;;;
20940177214,18.39022,-34.006557;;;
20940177215,18.390297,-34.008195;;;
20940177216,18.390672,-34.007705;;;
20940177217,18.390498,-34.00747;;;
20940177218,18.393625,-34.009752;;;
20940177219,18.393447,-34.009453;;;
20940177220,18.398472,-34.008562;;;
20940177221,18.402782,-34.008912;;;
20940177222,18.40339,-34.008538;;;
20940177223,18.405292,-34.010035;;;
20940177224,18.40549,-34.009977;;;
20940177225,18.405428,-34.01021;;;
20940177226,18.405568,-34.009812;;;
20940177227,18.405647,-34.00971;;;
20940177228,18.409848,-34.00758;;;
20940177229,18.41441,-34.006218;;;
20940177230,18.414467,-34.006213;;;
20940177231,18.419032,-34.005868;;;
20940177232,18.42565,-33.995718;;;
20940177233,18.427045,-33.992882;;;
20940177234,18.427498,-33.990555;;;
20940177235,18.426955,-33.98982;;;
20940177236,18.429335,-33.98671;;;
20940177237,18.430907,-33.984825;;;
20940177238,18.430912,-33.984885;;;
20940177239,18.43109,-33.984797;;;
20940177240,18.435305,-33.980897;;;
20940177241,18.438918,-33.976347;;;
20940177242,18.442803,-33.973932;;;
20940177243,18.445038,-33.972695;;;
20940177244,18.447165,-33.969137;;;
20940177245,18.448548,-33.965498;;;
20940177246,18.449765,-33.964972;;;
20940177247,18.449547,-33.964832;;;
20940177248,18.449307,-33.964708;;;
20940177249,18.449365,-33.964692;;;
20940177250,18.449368,-33.964672;;;
20940177251,18.449435,-33.964685;;;
20940177252,18.450258,-33.963217;;;
20940177253,18.450302,-33.9631;;;
20940177254,18.450787,-33.962023;;;
20940177255,18.451743,-33.959392;;;
20940177256,18.451075,-33.958995;;;
20940177257,18.451045,-33.958952;;;
20940177258,18.451248,-33.9591;;;
20940177259,18.451107,-33.958905;;;
20940177260,18.45106,-33.958855;;;
20940177261,18.451192,-33.959062;;;
20940177262,18.451167,-33.95896;;;
20940177263,18.450977,-33.958915;;;
20940177264,18.451002,-33.958893;;;
20940177265,18.451412,-33.959008;;;
20940177266,18.45124,-33.959032;;;
20940177267,18.45048,-33.959488;;;
20940177268,18.451428,-33.958762;;;
20940177269,18.455695,-33.955172;;;
20940177270,18.459058,-33.946015;;;
20940177271,18.45589,-33.945092;;;
20940177272,18.45594,-33.945102;;;
20940177273,18.464577,-33.94916;;;
20940177274,18.463317,-33.948458;;;
20940177275,18.463208,-33.948597;;;
20940177276,18.46376,-33.946988;;;
20940177277,18.465388,-33.95002;;;
20940177278,18.45696,-33.964895;;;
20940177279,18.448737,-33.963793;;;
20940177280,18.44213,-33.96991;;;
20940177281,18.441488,-33.970152;;;
20940177282,18.442043,-33.968928;;;
20940177283,18.441822,-33.96802;;;
20940177284,18.449385,-33.962558;;;
20940177285,18.462288,-33.949557;;;
20940177286,18.45803,-33.956537;;;
20940177287,18.458158,-33.955903;;;
20940177288,18.461647,-33.952067;;;
20940177289,18.462763,-33.949165;;;
20940177290,18.462555,-33.949055;;;
20940177291,18.462593,-33.949075;;;
20940177292,18.458123,-33.947925;;;
20940177293,18.447248,-33.970047;;;
20940177294,18.436655,-33.974353;;;
20940177295,18.442968,-33.975318;;;
20940177296,18.453118,-33.965248;;;
20940177297,18.448513,-33.959358;;;
20940177298,18.448905,-33.957445;;;
20940177299,18.449262,-33.957393;;;
20940177301,18.452432,-33.959832;;;
20940177303,18.456748,-33.954407;;;
20940177305,18.459768,-33.951127;;;
20940177307,18.459132,-33.951092;;;
20940177309,18.459407,-33.9505;;;
20940177311,18.464478,-33.947108;;;
20940177313,18.464957,-33.945605;;;
20940177315,18.464913,-33.945535;;;
20940177317,18.459762,-33.944123;;;
20940177319,18.445492,-33.942522;;;
20940177321,18.418718,-33.954523;;;
20940177323,18.419038,-33.953512;;;
20940177325,18.420192,-33.949348;;;
20940177327,18.417615,-33.958342;;;
20940177329,18.419238,-33.96092;;;
20940177332,18.419265,-33.960917;;;
20940177334,18.419223,-33.96078;;;
20940177336,18.41881,-33.95705;;;
20940177338,18.432895,-33.941007;;;
20940177340,18.444687,-33.939593;;;
20940177342,18.444735,-33.939623;;;
20940177344,18.444877,-33.939483;;;
20940177346,18.451218,-33.943122;;;
20940177348,18.45182,-33.943072;;;
20940177350,18.454985,-33.958003;;;
20940177352,18.454135,-33.956637;;;
20940177354,18.454385,-33.958565;;;
20940177356,18.450658,-33.959973;;;
20940177358,18.455697,-33.955298;;;
20940177360,18.456407,-33.955492;;;
20940177362,18.456058,-33.955148;;;
20940177364,18.456302,-33.956212;;;
20940177365,18.45623,-33.955783;;;
20940177366,18.45628,-33.95555;;;
20940177367,18.456082,-33.955252;;;
20940177368,18.456517,-33.95544;;;
20940177369,18.458355,-33.947117;;;
20940177370,18.460673,-33.946242;;;
20940177371,18.46228,-33.946118;;;
20940177373,18.463762,-33.948095;;;
20940177374,18.465592,-33.949173;;;
20940177375,18.465623,-33.949112;;;
20940177376,18.465583,-33.94917;;;
20940177377,18.465435,-33.949095;;;
20940177378,18.465602,-33.949138;;;
20940177379,18.466193,-33.949515;;;
20940177380,18.466937,-33.949658;;;
20940177381,18.464762,-33.951177;;;
20940177382,18.464313,-33.95141;;;
20940177383,18.464357,-33.951278;;;
20940177384,18.464302,-33.952162;;;
20940177385,18.460957,-33.950867;;;
20940177386,18.458397,-33.950567;;;
20940177387,18.45584,-33.952708;;;
20940177388,18.45151,-33.953728;;;
20940177389,18.450188,-33.951013;;;
20940177390,18.447267,-33.949752;;;
20940177391,18.443008,-33.94849;;;
20940177392,18.44106,-33.944758;;;
20940177393,18.43964,-33.943322;;;
20940177394,18.439348,-33.943248;;;
20940177395,18.439378,-33.94258;;;
20940177396,18.439237,-33.942455;;;
20940177397,18.439132,-33.943002;;;
20940177398,18.438998,-33.943067;;;
20940177399,18.438743,-33.943287;;;
20940177401,18.438785,-33.943135;;;
20940177402,18.438723,-33.942902;;;
20940177403,18.439122,-33.942672;;;
20940177404,18.43899,-33.942742;;;
20940177405,18.43937,-33.942707;;;
20940177406,18.439267,-33.942785;;;
20940177407,18.43952,-33.942668;;;
20940177408,18.439778,-33.94301;;;
20940177409,18.438532,-33.943475;;;
20940177410,18.43924,-33.942222;;;
20940177411,18.439268,-33.942168;;;
20940177412,18.439168,-33.942208;;;
20940177413,18.439123,-33.942115;;;
20940177414,18.439278,-33.942168;;;
20940177415,18.439333,-33.942142;;;
20940177416,18.439315,-33.94214;;;
20940177417,18.439272,-33.94205;;;
20940177418,18.439268,-33.94212;;;
20940177420,18.439233,-33.94221;;;
20940177421,18.43903,-33.94211;;;
20940177422,18.438993,-33.942098;;;
20940177423,18.439223,-33.942142;;;
20940177424,18.439058,-33.942238;;;
20940177425,18.43921,-33.942128;;;
20940177426,18.439197,-33.942187;;;
20940177427,18.439287,-33.942163;;;
20940177428,18.439335,-33.94218;;;
20940177430,18.439273,-33.942283;;;
20940177431,18.439218,-33.942175;;;
20940177432,18.44039,-33.941865;;;
20940177433,18.443985,-33.94413;;;
20940177434,18.448338,-33.94398;;;
20940177435,18.455328,-33.944435;;;
20940177436,18.461398,-33.944273;;;
20940177437,18.463272,-33.945348;;;
20940177438,18.465878,-33.947103;;;
20940177440,18.46361,-33.95182;;;
20940177442,18.458217,-33.964043;;;
20940177444,18.442332,-33.968472;;;
20940177446,18.444912,-33.974695;;;
20940177448,18.429478,-33.98767;;;
20940177450,18.425568,-33.993307;;;
20940177452,18.425992,-33.995165;;;
20940177454,18.423388,-33.996898;;;
20940177456,18.423345,-34.00239;;;
20940177458,18.397447,-34.00363;;;
20940177461,18.35574,-34.00656;;;
20940177463,18.355847,-34.00917;;;
20940177464,18.354702,-34.005302;;;
20940177465,18.353503,-34.006795;;;
20940177466,18.35382,-34.007452;;;
20940177468,18.351587,-34.007112;;;
20940177470,18.360848,-34.007743;;;
20940177472,18.361377,-34.007352;;;
20940177474,18.368563,-34.010592;;;
20940177476,18.386393,-34.005912;;;
20940177478,18.390182,-34.006685;;;
20940177480,18.389538,-34.007573;;;
20940177482,18.389612,-34.007527;;;
20940177484,18.390883,-34.007573;;;
20940177487,18.413245,-34.006672;;;
20940177489,18.428273,-33.992673;;;
20940177491,18.43284,-33.975132;;;
20940177493,18.45174,-33.961083;;;
20940177495,18.452432,-33.961043;;;
20940177497,18.452535,-33.960718;;;
20940177499,18.456187,-33.962342;;;
20940177501,18.451793,-33.963672;;;
20940177503,18.45085,-33.962068;;;
20940177505,18.46376,-33.951383;;;
20940177507,18.461802,-33.949322;;;
20940177509,18.464567,-33.94532;;;
20940177511,18.46534,-33.94678;;;
20940177513,18.464573,-33.946443;;;
20940177515,18.465465,-33.949217;;;
20940177517,18.464907,-33.949705;;;
20940177519,18.461963,-33.952865;;;
20940177521,18.46236,-33.952755;;;
20940177523,18.462287,-33.952863;;;
20940177525,18.460692,-33.951363;;;
20940177527,18.459678,-33.950942;;;
20940177529,18.459802,-33.950945;;;
20940177531,18.459598,-33.950578;;;
20940177533,18.455597,-33.95008;;;
20940177536,18.455737,-33.95012;;;
20940177538,18.457713,-33.946463;;;
20940177540,18.464808,-33.945347;;;
20940177542,18.46425,-33.946442;;;
20940177544,18.465888,-33.95079;;;
20940177546,18.463138,-33.951847;;;
20940177548,18.46249,-33.952968;;;
20940177550,18.46166,-33.949962;;;
20940177552,18.46188,-33.95055;;;
20940177554,18.464633,-33.947798;;;
20940177556,18.459558,-33.945758;;;
20940177558,18.454018,-33.943213;;;
20940177560,18.454088,-33.943717;;;
20940177562,18.453057,-33.960057;;;
20940177564,18.457405,-33.96375;;;
20940177566,18.429388,-33.980345;;;
20940177568,18.430175,-33.980045;;;
20940177570,18.430022,-33.979863;;;
20940177572,18.428777,-33.977072;;;
20940177573,18.43752,-33.969868;;;
20940177574,18.45704,-33.964162;;;
20940177575,18.4575,-33.956718;;;
20940177576,18.458788,-33.955983;;;
20940177577,18.464108,-33.950515;;;
20940177578,18.464573,-33.949807;;;
20940177579,18.463732,-33.94395;;;
20940177580,18.455943,-33.942638;;;
20940177581,18.44186,-33.943043;;;
20940177582,18.440977,-33.939953;;;
20940177583,18.444403,-33.939097;;;
20940177584,18.44734,-33.940722;;;
20940177585,18.438308,-33.942887;;;
20940177586,18.430572,-33.941757;;;
20940177587,18.419215,-33.95322;;;
20940177588,18.39861,-33.94318;;;
20940177589,18.392855,-33.947228;;;
20940177590,18.391872,-33.94879;;;
20940177591,18.392142,-33.948478;;;
20940177592,18.393287,-33.949687;;;
20940177593,18.384917,-33.942113;;;
20940177594,18.386168,-33.934457;;;
20940177595,18.38607,-33.934292;;;
20940177596,18.386045,-33.934185;;;
20940177597,18.388092,-33.936823;;;
20940177598,18.392057,-33.943518;;;
20940177599,18.387915,-33.943453;;;
20940177600,18.382297,-33.933275;;;
20940177601,18.399032,-33.921388;;;
20940177602,18.409013,-33.916255;;;
20940177603,18.395708,-33.930953;;;
20940177604,18.392033,-33.945942;;;
20940177605,18.391228,-33.944468;;;
20940177606,18.391393,-33.94443;;;
20940177607,18.391068,-33.944375;;;
20940177608,18.393778,-33.942787;;;
20940177609,18.392352,-33.94314;;;
20940177610,18.392302,-33.943133;;;
20940177611,18.392298,-33.943097;;;
20940177612,18.392147,-33.94325;;;
20940177613,18.392198,-33.943198;;;
20940177614,18.392155,-33.943232;;;
20940177615,18.392138,-33.94322;;;
20940177616,18.392102,-33.943203;;;
20940177617,18.391247,-33.943748;;;
20940177618,18.391162,-33.941442;;;
20940177619,18.39026,-33.941225;;;
20940177620,18.392158,-33.941735;;;
20940177621,18.39253,-33.941887;;;
20940177622,18.392692,-33.94225;;;
20940177623,18.393133,-33.942175;;;
20940177624,18.392853,-33.942323;;;
20940177625,18.393397,-33.944607;;;
20940177626,18.392677,-33.942707;;;
20940177627,18.392887,-33.94252;;;
20940177628,18.392738,-33.942432;;;
20940177629,18.392622,-33.942508;;;
20940177630,18.392662,-33.942388;;;
20940177631,18.391395,-33.942655;;;
20940177632,18.387712,-33.943453;;;
20940177633,18.387587,-33.943865;;;
20940177634,18.387518,-33.944025;;;
20940177635,18.387138,-33.94367;;;
20940177636,18.387617,-33.94322;;;
20940177637,18.387763,-33.943293;;;
20940177638,18.387883,-33.943207;;;
20940177639,18.388398,-33.943015;;;
20940177640,18.385725,-33.942973;;;
20940177641,18.383113,-33.943657;;;
20940177642,18.383392,-33.943923;;;
20940177643,18.382053,-33.94419;;;
20940177644,18.380682,-33.944463;;;
20940177645,18.382787,-33.942438;;;
20940177646,18.383413,-33.943655;;;
20940177647,18.383397,-33.943767;;;
20940177648,18.385653,-33.94275;;;
20940177649,18.389328,-33.94402;;;
20940177650,18.39219,-33.942473;;;
20940177651,18.39229,-33.942903;;;
20940177652,18.393577,-33.944695;;;
20940177653,18.394658,-33.947567;;;
20940177654,18.394765,-33.948192;;;
20940177655,18.394077,-33.94971;;;
20940177656,18.393682,-33.949648;;;
20940177657,18.392447,-33.949018;;;
20940177658,18.39261,-33.948768;;;
20940177659,18.392747,-33.94854;;;
20940177660,18.39254,-33.947992;;;
20940177661,18.39239,-33.94808;;;
20940177662,18.392055,-33.948397;;;
20940177663,18.391065,-33.949248;;;
20940177664,18.390552,-33.952052;;;
20940177665,18.39065,-33.952277;;;
20940177666,18.3912,-33.953437;;;
20940177667,18.391263,-33.953433;;;
20940177668,18.391295,-33.953435;;;
20940177669,18.391288,-33.953413;;;
20940177670,18.391282,-33.953423;;;
20940177671,18.391272,-33.95344;;;
20940177672,18.391295,-33.953435;;;
20940177673,18.39131,-33.953473;;;
20940177674,18.391302,-33.95336;;;
20940177675,18.391318,-33.953308;;;
20940177676,18.391372,-33.953255;;;
20940177677,18.391403,-33.953298;;;
20940177678,18.391358,-33.953327;;;
20940177679,18.391433,-33.953418;;;
20940177680,18.391243,-33.95336;;;
20940177681,18.391337,-33.953523;;;
20940177682,18.391523,-33.95352;;;
20940177683,18.391453,-33.953157;;;
20940177684,18.39174,-33.953312;;;
20940177685,18.385522,-33.968313;;;
20940177686,18.373228,-33.979157;;;
20940177687,18.359638,-33.987742;;;
20940177688,18.356873,-33.994523;;;
20940177689,18.356578,-33.994508;;;
20940177690,18.356673,-33.994608;;;
20940177691,18.356312,-33.995558;;;
20940177692,18.356353,-34.010422;;;
20940177693,18.39041,-34.0067;;;
20940177694,18.391867,-34.003632;;;
20940177695,18.39001,-34.006727;;;
20940177696,18.390272,-34.006668;;;
20940177697,18.389755,-34.00754;;;
20940177698,18.38973,-34.007565;;;
20940177699,18.390357,-34.00814;;;
20940177700,18.403552,-34.009773;;;
20940177701,18.40906,-34.00827;;;
20940177702,18.390255,-34.008797;;;
20940177703,18.39162,-34.009372;;;
20940177704,18.389763,-34.007667;;;
20940177705,18.389763,-34.00767;;;
20940177706,18.389893,-34.007428;;;
20940177707,18.39306,-34.00998;;;
20940177708,18.389248,-34.007978;;;
20940177709,18.390418,-34.00779;;;
20940177710,18.39219,-34.007232;;;
20940177711,18.399525,-34.00437;;;
20940177712,18.399112,-34.003357;;;
20940177713,18.40526,-34.010128;;;
20940177714,18.409308,-34.007943;;;
20940177715,18.415403,-34.006533;;;
20940177716,18.424262,-33.994005;;;
20940177717,18.424457,-33.992845;;;
20940177718,18.424533,-33.993128;;;
20940177719,18.425498,-33.987588;;;
20940177720,18.446997,-33.970545;;;
20940177721,18.453607,-33.959843;;;
20940177722,18.453773,-33.959413;;;
20940177723,18.454922,-33.95874;;;
20940177724,18.4576,-33.955333;;;
20940177725,18.457443,-33.955433;;;
20940177726,18.457387,-33.955485;;;
20940177727,18.457457,-33.955218;;;
20940177728,18.456625,-33.95638;;;
20940177729,18.458687,-33.95576;;;
20940177730,18.459322,-33.955607;;;
20940177731,18.459058,-33.955888;;;
20940177732,18.458748,-33.955573;;;
20940177733,18.458493,-33.955588;;;
20940177734,18.458557,-33.955627;;;
20940177735,18.458325,-33.955438;;;
20940177736,18.458868,-33.955675;;;
20940177737,18.462273,-33.953227;;;
20940177738,18.464643,-33.951543;;;
20940177739,18.462027,-33.94918;;;
20940177740,18.4631,-33.945168;;;
20940177741,18.462343,-33.943748;;;
20940177742,18.462605,-33.943662;;;
20940177743,18.462722,-33.943978;;;
20940177744,18.462738,-33.943988;;;
20940177745,18.46274,-33.943968;;;
20940177746,18.46246,-33.944067;;;
20940177747,18.46213,-33.945475;;;
20940177748,18.45968,-33.946982;;;
20940177749,18.457402,-33.949043;;;
20940177750,18.457508,-33.950848;;;
20940177751,18.457417,-33.950845;;;
20940177752,18.457472,-33.95075;;;
20940177753,18.45743,-33.95066;;;
20940177754,18.457275,-33.950923;;;
20940177755,18.457425,-33.950815;;;
20940177756,18.457317,-33.950875;;;
20940177757,18.45989,-33.950633;;;
20940177758,18.459825,-33.950567;;;
20940177759,18.459902,-33.95057;;;
20940177760,18.459882,-33.950605;;;
20940177761,18.461175,-33.950818;;;
20940177762,18.46088,-33.950498;;;
20940177763,18.46116,-33.950815;;;
20940177764,18.461738,-33.95201;;;
20940177765,18.461347,-33.951858;;;
20940177766,18.461335,-33.951848;;;
20940177767,18.46143,-33.951907;;;
20940177768,18.461428,-33.95183;;;
20940177769,18.461448,-33.951845;;;
20940177770,18.461525,-33.951852;;;
20940177771,18.46425,-33.952018;;;
20940177772,18.464332,-33.950093;;;
20940177773,18.464262,-33.950105;;;
20940177774,18.464282,-33.950007;;;
20940177775,18.464357,-33.950092;;;
20940177776,18.46446,-33.94982;;;
20940177777,18.464292,-33.950052;;;
20940177778,18.46426,-33.950022;;;
20940177779,18.463868,-33.95023;;;
20940177780,18.464383,-33.949993;;;
20940177781,18.46424,-33.95006;;;
20940177782,18.464267,-33.949997;;;
20940177783,18.464185,-33.950102;;;
20940177784,18.46425,-33.950152;;;
20940177785,18.464062,-33.950318;;;
20940177786,18.464252,-33.950103;;;
20940177787,18.464282,-33.950073;;;
20940177788,18.464263,-33.950072;;;
20940177789,18.466097,-33.949232;;;
20940177790,18.466013,-33.949128;;;
20940177791,18.464037,-33.948822;;;
20940177792,18.463587,-33.94865;;;
20940177793,18.461652,-33.949887;;;
20940177794,18.460707,-33.95042;;;
20940177795,18.46065,-33.950713;;;
20940177796,18.460617,-33.950772;;;
20940177797,18.457778,-33.95013;;;
20940177798,18.457668,-33.950063;;;
20940177799,18.457633,-33.950162;;;
20940177800,18.457723,-33.95015;;;
20940177801,18.457702,-33.950142;;;
20940177802,18.457822,-33.950065;;;
20940177803,18.45781,-33.950098;;;
20940177804,18.457738,-33.95018;;;
20940177805,18.457708,-33.950258;;;
20940177806,18.458045,-33.949872;;;
20940177807,18.457898,-33.950055;;;
20940177808,18.457957,-33.95002;;;
20940177809,18.45794,-33.950122;;;
20940177810,18.457807,-33.950178;;;
20940177811,18.457812,-33.950078;;;
20940177812,18.457672,-33.950128;;;
20940177813,18.45385,-33.958907;;;
20940177814,18.4547,-33.963392;;;
20940177815,18.436525,-33.96914;;;
20940177816,18.431067,-33.987908;;;
20940177817,18.426222,-33.989912;;;
20940177818,18.42593,-33.984942;;;
20940177819,18.426815,-33.983627;;;
20940177820,18.441693,-33.975128;;;
20940177821,18.44579,-33.973837;;;
20940177822,18.455572,-33.965048;;;
20940177823,18.461075,-33.953828;;;
20940177824,18.46223,-33.952608;;;
20940177825,18.462852,-33.949782;;;
20940177826,18.460752,-33.950528;;;
20940177827,18.463073,-33.95227;;;
20940177828,18.463272,-33.952128;;;
20940177829,18.463745,-33.951935;;;
20940177830,18.448485,-33.959605;;;
20940177831,18.452262,-33.962442;;;
20940177832,18.452302,-33.96246;;;
20940177833,18.450642,-33.964098;;;
20940177834,18.452498,-33.960027;;;
20940177835,18.451642,-33.95913;;;
20940177836,18.452533,-33.95973;;;
20940177837,18.45688,-33.9535;;;
20940177838,18.461043,-33.95033;;;
20940177839,18.460832,-33.950367;;;
20940177840,18.461195,-33.950148;;;
20940177841,18.46182,-33.948542;;;
20940177842,18.466042,-33.949562;;;
20940177843,18.465635,-33.94975;;;
20940177844,18.465252,-33.949407;;;
20940177845,18.465098,-33.948525;;;
20940177846,18.462317,-33.952123;;;
20940177847,18.461685,-33.952453;;;
20940177848,18.45975,-33.95255;;;
20940177849,18.447682,-33.9505;;;
20940177850,18.436243,-33.943727;;;
20940177851,18.435985,-33.943308;;;
20940177852,18.438195,-33.94238;;;
20940177853,18.445477,-33.937938;;;
20940177854,18.448115,-33.941967;;;
20940177855,18.44831,-33.941865;;;
20940177856,18.448195,-33.941522;;;
20940177857,18.44861,-33.941783;;;
20940177858,18.448958,-33.941482;;;
20940177859,18.451418,-33.943282;;;
20940177860,18.455562,-33.942087;;;
20940177861,18.449307,-33.940822;;;
20940177862,18.436592,-33.940888;;;
20940177863,18.43701,-33.941553;;;
20940177864,18.434043,-33.942162;;;
20940177865,18.439525,-33.942348;;;
20940177866,18.440147,-33.942505;;;
20940177867,18.440612,-33.944147;;;
20940177868,18.45709,-33.95064;;;
20940177869,18.460968,-33.950317;;;
20940177870,18.463498,-33.950887;;;
20940177871,18.46105,-33.950858;;;
20940177872,18.464192,-33.945417;;;
20940177873,18.459775,-33.944545;;;
20940177874,18.465612,-33.946172;;;
20940177875,18.463348,-33.952482;;;
20940177876,18.463417,-33.952297;;;
20940177877,18.463405,-33.952295;;;
20940177878,18.463348,-33.952083;;;
20940177879,18.46334,-33.952105;;;
20940177880,18.46333,-33.952157;;;
20940177881,18.463345,-33.95217;;;
20940177882,18.463368,-33.952128;;;
20940177883,18.463333,-33.952047;;;
20940177884,18.462768,-33.952468;;;
20940177885,18.464792,-33.951347;;;
20940177886,18.464687,-33.9511;;;
20940177887,18.464977,-33.951268;;;
20940177888,18.464815,-33.95132;;;
20940177889,18.464808,-33.951292;;;
20940177890,18.464305,-33.951548;;;
20940177891,18.464715,-33.951197;;;
20940177892,18.464773,-33.950977;;;
20940177893,18.461512,-33.953692;;;
20940177894,18.46098,-33.953838;;;
20940177895,18.459565,-33.954697;;;
20940177896,18.457903,-33.955543;;;
20940177897,18.45659,-33.955105;;;
20940177898,18.456147,-33.955547;;;
20940177899,18.453873,-33.960397;;;
20940177900,18.458042,-33.962295;;;
20940177901,18.458112,-33.96251;;;
20940177902,18.458125,-33.962412;;;
20940177903,18.458092,-33.962438;;;
20940177904,18.458038,-33.962318;;;
20940177905,18.45809,-33.962393;;;
20940177906,18.45817,-33.962507;;;
20940177907,18.458237,-33.962462;;;
20940177908,18.458187,-33.962223;;;
20940177909,18.458377,-33.962347;;;
20940177910,18.457187,-33.965375;;;
20940177911,18.457162,-33.965377;;;
20940177912,18.454195,-33.966117;;;
20940177913,18.453668,-33.966967;;;
20940177914,18.453748,-33.966272;;;
20940177915,18.453982,-33.966787;;;
20940177916,18.449095,-33.968492;;;
20940177917,18.444893,-33.97264;;;
20940177918,18.438278,-33.975533;;;
20940177919,18.433533,-33.979342;;;
20940177920,18.433947,-33.981432;;;
20940177921,18.43353,-33.9857;;;
20940177922,18.42995,-33.985818;;;
20940177923,18.431145,-33.988293;;;
20940177924,18.42862,-33.991315;;;
20940177925,18.431133,-33.991072;;;
20940177926,18.431745,-33.990193;;;
20940177927,18.430442,-33.990735;;;
20940177928,18.430175,-33.990397;;;
20940177929,18.429562,-33.990652;;;
20940177930,18.429725,-33.990693;;;
20940177931,18.429605,-33.990667;;;
20940177932,18.429695,-33.990698;;;
20940177933,18.42957,-33.990618;;;
20940177934,18.429633,-33.99069;;;
20940177935,18.429668,-33.991022;;;
20940177936,18.423845,-33.994085;;;
20940177937,18.424448,-33.995037;;;
20940177938,18.42447,-33.994813;;;
20940177939,18.424225,-33.995788;;;
20940177940,18.424187,-33.995117;;;
20940177941,18.42417,-33.995105;;;
20940177942,18.42417,-33.995222;;;
20940177943,18.424205,-33.99527;;;
20940177944,18.422935,-33.99589;;;
20940177945,18.421117,-34.001112;;;
20940177946,18.422867,-34.00258;;;
20940177947,18.42312,-34.002905;;;
20940177948,18.408952,-34.008072;;;
20940177949,18.395282,-34.006868;;;
20940177950,18.390417,-34.00597;;;
20940177951,18.385167,-34.003455;;;
20940177952,18.384958,-34.003343;;;
20940177953,18.384432,-34.002952;;;
20940177954,18.393235,-34.010105;;;
20940177955,18.404272,-34.01039;;;
20940177956,18.397857,-34.005252;;;
20940177957,18.38476,-34.003588;;;
20940177958,18.38937,-34.007418;;;
20940177959,18.389682,-34.007152;;;
20940177960,18.389555,-34.00708;;;
20940177961,18.392955,-34.008717;;;
20940177962,18.39095,-34.009642;;;
20940177963,18.391297,-34.00564;;;
20940177964,18.390312,-34.007255;;;
20940177965,18.389722,-34.007315;;;
20940177966,18.389877,-34.007227;;;
20940177967,18.391052,-34.007553;;;
20940177968,18.4062,-34.009157;;;
20940177969,18.408738,-34.00845;;;
20940177970,18.386725,-33.992638;;;
20940177971,18.378352,-33.99129;;;
20940177972,18.374907,-33.987767;;;
20940177973,18.402592,-33.975082;;;
20940177974,18.407627,-33.975665;;;
20940177975,18.414792,-33.978788;;;
20940177976,18.458147,-33.96462;;;
20940177977,18.458467,-33.960647;;;
20940177978,18.46268,-33.952575;;;
20940177979,18.465853,-33.94831;;;
20940177980,18.465185,-33.94555;;;
20940177981,18.46573,-33.948667;;;
20940177982,18.465473,-33.948843;;;
20940177983,18.460918,-33.950375;;;
20940177984,18.461583,-33.951433;;;
20940177985,18.460738,-33.950243;;;
20940177986,18.46112,-33.949632;;;
20940177987,18.466173,-33.948942;;;
20940177988,18.463702,-33.952303;;;
20940177989,18.465013,-33.951638;;;
20940177990,18.46484,-33.950798;;;
20940177991,18.459735,-33.950683;;;
20940177992,18.460818,-33.953157;;;
20940177993,18.459837,-33.953512;;;
20940177994,18.459827,-33.954202;;;
20940177995,18.463703,-33.952395;;;
20940177996,18.464647,-33.951883;;;
20940177997,18.463102,-33.94403;;;
20940177998,18.465253,-33.948863;;;
20940177999,18.465433,-33.949482;;;
20940178000,18.450547,-33.940832;;;
20940178001,18.440713,-33.939525;;;
20940178002,18.44057,-33.940607;;;
20940178003,18.437678,-33.94039;;;
20940178004,18.435847,-33.940948;;;
20940178005,18.436248,-33.940677;;;
20940178006,18.436015,-33.940825;;;
20940178007,18.436005,-33.9407;;;
20940178008,18.435987,-33.940715;;;
20940178009,18.435957,-33.940792;;;
20940178010,18.43588,-33.940965;;;
20940178011,18.435878,-33.940705;;;
20940178012,18.436308,-33.940757;;;
20940178013,18.435962,-33.940613;;;
20940178014,18.436243,-33.940585;;;
20940178015,18.440822,-33.941397;;;
20940178016,18.44446,-33.940592;;;
20940178017,18.445623,-33.940393;;;
20940178018,18.44524,-33.940947;;;
20940178019,18.445358,-33.940555;;;
20940178020,18.444908,-33.940803;;;
20940178021,18.445045,-33.940713;;;
20940178022,18.445208,-33.940078;;;
20940178023,18.445975,-33.939472;;;
20940178024,18.446475,-33.93968;;;
20940178025,18.446433,-33.93966;;;
20940178026,18.446262,-33.93948;;;
20940178027,18.446522,-33.939377;;;
20940178028,18.446007,-33.939937;;;
20940178029,18.445783,-33.938797;;;
20940178030,18.445908,-33.938687;;;
20940178031,18.44592,-33.938695;;;
20940178032,18.445693,-33.939083;;;
20940178033,18.447085,-33.938553;;;
20940178034,18.447038,-33.939015;;;
20940178035,18.446658,-33.939007;;;
20940178036,18.442503,-33.938733;;;
20940178037,18.439335,-33.938163;;;
20940178038,18.436763,-33.93836;;;
20940178039,18.435197,-33.938213;;;
20940178040,18.435058,-33.938148;;;
20940178041,18.434408,-33.937392;;;
20940178042,18.435207,-33.938115;;;
20940178043,18.435122,-33.938383;;;
20940178044,18.43522,-33.93859;;;
20940178045,18.434708,-33.938925;;;
20940178046,18.432543,-33.940125;;;
20940178047,18.432633,-33.940127;;;
20940178048,18.432668,-33.940092;;;
20940178049,18.431698,-33.941152;;;
20940178050,18.430573,-33.941503;;;
20940178051,18.430195,-33.941393;;;
20940178052,18.428768,-33.943028;;;
20940178053,18.428188,-33.943423;;;
20940178054,18.426337,-33.944328;;;
20940178055,18.422898,-33.947392;;;
20940178056,18.420328,-33.94966;;;
20940178057,18.42027,-33.949718;;;
20940178058,18.419143,-33.953115;;;
20940178059,18.418745,-33.954325;;;
20940178060,18.418323,-33.954795;;;
20940178061,18.418505,-33.954915;;;
20940178062,18.41826,-33.955498;;;
20940178063,18.418045,-33.955448;;;
20940178064,18.418015,-33.955423;;;
20940178065,18.418015,-33.955398;;;
20940178066,18.418017,-33.955368;;;
20940178067,18.417985,-33.955393;;;
20940178068,18.418012,-33.955375;;;
20940178069,18.417963,-33.95547;;;
20940178070,18.416077,-33.954887;;;
20940178071,18.411557,-33.952235;;;
20940178072,18.409535,-33.948888;;;
20940178073,18.40473,-33.946025;;;
20940178074,18.404855,-33.94529;;;
20940178075,18.404933,-33.945272;;;
20940178076,18.40493,-33.945123;;;
20940178077,18.404858,-33.94517;;;
20940178078,18.398628,-33.942587;;;
20940178079,18.393332,-33.945862;;;
20940178080,18.392195,-33.94879;;;
20940178081,18.392068,-33.948613;;;
20940178082,18.386307,-33.942777;;;
20940178083,18.383705,-33.93545;;;
20940178084,18.385827,-33.934233;;;
20940178085,18.386022,-33.934233;;;
20940178086,18.395305,-33.931093;;;
20940178087,18.401157,-33.925663;;;
20940178088,18.405543,-33.920543;;;
20940178089,18.40068,-33.918957;;;
20940178090,18.399602,-33.919297;;;
20940178091,18.399513,-33.919375;;;
20940178092,18.399742,-33.919112;;;
20940178093,18.39945,-33.918697;;;
20940178094,18.400113,-33.919507;;;
20940178095,18.39741,-33.918048;;;
20940178096,18.399558,-33.918372;;;
20940178097,18.39961,-33.9194;;;
20940178098,18.402107,-33.918395;;;
20940178099,18.396053,-33.926672;;;
20940178100,18.386438,-33.934665;;;
20940178101,18.386392,-33.9347;;;
20940178102,18.386365,-33.934582;;;
20940178103,18.384868,-33.935318;;;
20940178104,18.386238,-33.935115;;;
20940178105,18.386368,-33.935113;;;
20940178106,18.384283,-33.932777;;;
20940178107,18.382765,-33.937492;;;
20940178108,18.382823,-33.937608;;;
20940178109,18.38605,-33.943112;;;
20940178110,18.385998,-33.94278;;;
20940178111,18.392473,-33.942323;;;
20940178112,18.391027,-33.952858;;;
20940178113,18.390352,-33.958627;;;
20940178114,18.403312,-33.973232;;;
20940178115,18.404167,-33.974907;;;
20940178116,18.399773,-33.984082;;;
20940178117,18.39958,-33.9811;;;
20940178118,18.423943,-34.002253;;;
20940178119,18.430592,-33.990633;;;
20940178120,18.429683,-33.99066;;;
20940178121,18.429375,-33.990317;;;
20940178122,18.429365,-33.990367;;;
20940178123,18.429788,-33.990478;;;
20940178124,18.429488,-33.990362;;;
20940178125,18.429033,-33.988173;;;
20940178126,18.431152,-33.98734;;;
20940178127,18.433958,-33.987367;;;
20940178128,18.433288,-33.987187;;;
20940178129,18.444475,-33.970033;;;
20940178130,18.451758,-33.960153;;;
20940178131,18.45235,-33.960572;;;
20940178132,18.452523,-33.959967;;;
20940178133,18.455292,-33.962233;;;
20940178134,18.45669,-33.963823;;;
20940178135,18.451608,-33.963658;;;
20940178136,18.45724,-33.963203;;;
20940178137,18.451782,-33.960137;;;
20940178138,18.451862,-33.960078;;;
20940178139,18.45196,-33.959872;;;
20940178140,18.45215,-33.960053;;;
20940178141,18.452202,-33.960208;;;
20940178142,18.451753,-33.960028;;;
20940178143,18.454705,-33.959715;;;
20940178144,18.457363,-33.960272;;;
20940178145,18.458253,-33.960222;;;
20940178146,18.458305,-33.960207;;;
20940178147,18.458373,-33.960233;;;
20940178148,18.458107,-33.961443;;;
20940178149,18.457395,-33.962165;;;
20940178150,18.457427,-33.96187;;;
20940178151,18.457377,-33.96189;;;
20940178152,18.457457,-33.96188;;;
20940178153,18.456202,-33.963203;;;
20940178154,18.45192,-33.963872;;;
20940178155,18.451752,-33.96347;;;
20940178156,18.451922,-33.963725;;;
20940178157,18.448855,-33.961047;;;
20940178158,18.44828,-33.95977;;;
20940178159,18.448282,-33.959578;;;
20940178160,18.44903,-33.959062;;;
20940178161,18.45195,-33.9567;;;
20940178162,18.457912,-33.954755;;;
20940178163,18.461003,-33.953805;;;
20940178164,18.464652,-33.952137;;;
20940178165,18.460973,-33.95328;;;
20940178166,18.460857,-33.95311;;;
20940178167,18.460818,-33.9537;;;
20940178168,18.461005,-33.953207;;;
20940178169,18.460858,-33.953442;;;
20940178170,18.459048,-33.954302;;;
20940178171,18.457325,-33.953888;;;
20940178172,18.45506,-33.95323;;;
20940178173,18.456973,-33.951712;;;
20940178174,18.457683,-33.951867;;;
20940178175,18.456862,-33.950877;;;
20940178176,18.457908,-33.951985;;;
20940178177,18.457755,-33.951125;;;
20940178178,18.459853,-33.950375;;;
20940178179,18.460362,-33.949985;;;
20940178180,18.460218,-33.949705;;;
20940178181,18.460833,-33.949495;;;
20940178182,18.460777,-33.950505;;;
20940178183,18.460757,-33.950463;;;
20940178184,18.461353,-33.949903;;;
20940178185,18.461535,-33.949445;;;
20940178186,18.461555,-33.949092;;;
20940178187,18.461878,-33.94902;;;
20940178188,18.46416,-33.94984;;;
20940178189,18.464645,-33.950932;;;
20940178190,18.465047,-33.951233;;;
20940178191,18.462858,-33.952317;;;
20940178192,18.461625,-33.95179;;;
20940178193,18.462007,-33.951745;;;
20940178194,18.463345,-33.950543;;;
20940178195,18.463433,-33.95057;;;
20940178196,18.463487,-33.950653;;;
20940178197,18.463838,-33.950407;;;
20940178198,18.46406,-33.950325;;;
20940178199,18.46305,-33.949345;;;
20940178200,18.463065,-33.949462;;;
20940178201,18.463098,-33.949475;;;
20940178202,18.463055,-33.949502;;;
20940178203,18.46303,-33.949412;;;
20940178204,18.463052,-33.949127;;;
20940178205,18.46194,-33.949565;;;
20940178206,18.46152,-33.949553;;;
20940178207,18.461408,-33.949517;;;
20940178208,18.461377,-33.949602;;;
20940178209,18.461378,-33.949632;;;
20940178210,18.461385,-33.949815;;;
20940178211,18.461272,-33.95037;;;
20940178212,18.458103,-33.95098;;;
20940178213,18.457058,-33.951918;;;
20940178214,18.455462,-33.950767;;;
20940178215,18.455652,-33.95163;;;
20940178216,18.459393,-33.951455;;;
20940178217,18.460168,-33.951703;;;
20940178218,18.459623,-33.951707;;;
20940178219,18.463488,-33.952525;;;
20940178220,18.461257,-33.952012;;;
20940178221,18.462382,-33.952643;;;
20940178222,18.462253,-33.952813;;;
20940178223,18.46378,-33.950343;;;
20940178224,18.46309,-33.952173;;;
20940178225,18.46338,-33.952127;;;
20940178226,18.463582,-33.95212;;;
20940178227,18.46477,-33.952233;;;
20940178228,18.457907,-33.950875;;;
20940178229,18.455892,-33.950335;;;
20940178230,18.454878,-33.950785;;;
20940178231,18.45525,-33.950413;;;
20940178232,18.457458,-33.948685;;;
20940178233,18.457363,-33.948517;;;
20940178234,18.457122,-33.948315;;;
20940178235,18.457102,-33.945395;;;
20940178236,18.456282,-33.94101;;;
20940178237,18.434427,-33.938017;;;
20940178238,18.434965,-33.937792;;;
20940178239,18.435982,-33.94012;;;
20940178240,18.439792,-33.941882;;;
20940178241,18.440867,-33.94298;;;
20940178242,18.441668,-33.942793;;;
20940178243,18.448877,-33.959598;;;
20940178244,18.448912,-33.959705;;;
20940178245,18.453368,-33.960615;;;
20940178246,18.454132,-33.959952;;;
20940178247,18.453842,-33.959888;;;
20940178248,18.45515,-33.96186;;;
20940178249,18.455182,-33.96193;;;
20940178250,18.455145,-33.961933;;;
20940178251,18.456437,-33.96246;;;
20940178252,18.44625,-33.972372;;;
20940178253,18.429853,-33.991737;;;
20940178254,18.431107,-33.991177;;;
20940178255,18.431233,-33.991083;;;
20940178256,18.431343,-33.991105;;;
20940178257,18.425175,-33.993878;;;
20940178258,18.41826,-34.006962;;;
20940178259,18.400128,-34.008577;;;
20940178260,18.395723,-34.023713;;;
20940178261,18.402427,-34.030297;;;
20940178262,18.400718,-34.029645;;;
20940178263,18.400695,-34.029687;;;
20940178264,18.400702,-34.029655;;;
20940178265,18.400662,-34.029645;;;
20940178266,18.400867,-34.029563;;;
20940178267,18.400865,-34.029662;;;
20940178268,18.400685,-34.02968;;;
20940178269,18.400715,-34.029545;;;
20940178270,18.400772,-34.029638;;;
20940178271,18.400582,-34.029692;;;
20940178272,18.400698,-34.029607;;;
20940178273,18.40069,-34.029622;;;
20940178274,18.400687,-34.029597;;;
20940178275,18.400615,-34.029465;;;
20940178276,18.400658,-34.029453;;;
20940178277,18.400702,-34.029445;;;
20940178278,18.400675,-34.029675;;;
20940178279,18.400498,-34.02935;;;
20940178280,18.400602,-34.029555;;;
20940178281,18.400715,-34.02966;;;
20940178282,18.400672,-34.02971;;;
20940178283,18.40068,-34.029737;;;
20940178284,18.400642,-34.029662;;;
20940178285,18.400735,-34.029668;;;
20940178286,18.400618,-34.029665;;;
20940178287,18.40065,-34.02966;;;
20940178288,18.40065,-34.029667;;;
20940178289,18.40067,-34.02967;;;
20940178290,18.400593,-34.029683;;;
20940178291,18.400638,-34.029693;;;
20940178292,18.400658,-34.0296;;;
20940178293,18.400683,-34.029848;;;
20940178294,18.400725,-34.029755;;;
20940178295,18.400667,-34.02974;;;
20940178296,18.40092,-34.029723;;;
20940178297,18.400895,-34.029663;;;
20940178298,18.400955,-34.029497;;;
20940178299,18.401023,-34.029462;;;
20940178300,18.40095,-34.029463;;;
20940178301,18.401003,-34.029388;;;
20940178302,18.400905,-34.02962;;;
20940178303,18.401065,-34.029633;;;
20940178304,18.401037,-34.029788;;;
20940178305,18.400705,-34.029703;;;
20940178306,18.400635,-34.029513;;;
20940178307,18.400457,-34.029385;;;
20940178308,18.400702,-34.029707;;;
20940178309,18.400538,-34.029877;;;
20940178310,18.4006,-34.029732;;;
20940178311,18.400618,-34.030032;;;
20940178312,18.400755,-34.030167;;;
20940178313,18.40066,-34.03009;;;
20940178314,18.40052,-34.030123;;;
20940178315,18.401005,-34.030173;;;
20940178316,18.400688,-34.029612;;;
20940178317,18.400883,-34.029227;;;
20940178318,18.400627,-34.029717;;;
20940178319,18.400642,-34.02972;;;
20940178320,18.400502,-34.029628;;;
20940178321,18.400547,-34.029657;;;
20940178322,18.400877,-34.029737;;;
20940178323,18.400928,-34.029838;;;
20940178324,18.400917,-34.0293;;;
20940178325,18.400942,-34.029253;;;
20940178326,18.40092,-34.029277;;;
20940178327,18.40091,-34.02924;;;
20940178328,18.400923,-34.029247;;;
20940178329,18.40092,-34.029353;;;
20940178330,18.400748,-34.029277;;;
20940178331,18.400902,-34.029257;;;
20940178332,18.40091,-34.029305;;;
20940178333,18.400968,-34.029355;;;
20940178334,18.400978,-34.029393;;;
20940178335,18.401,-34.029307;;;
20940178336,18.400478,-34.029557;;;
20940178337,18.401212,-34.029237;;;
20940178338,18.401085,-34.029048;;;
20940178339,18.401198,-34.029085;;;
20940178340,18.401202,-34.029157;;;
20940178341,18.399678,-34.028828;;;
20940178342,18.400907,-34.029323;;;
20940178343,18.400732,-34.02966;;;
20940178344,18.40068,-34.029625;;;
20940178345,18.400808,-34.029953;;;
20940178346,18.400667,-34.029655;;;
20940178347,18.400635,-34.029588;;;
20940178348,18.400835,-34.029463;;;
20940178349,18.400797,-34.029478;;;
20940178350,18.400927,-34.029318;;;
20940178351,18.400448,-34.029263;;;
20940178352,18.400618,-34.03005;;;
20940178353,18.400482,-34.030013;;;
20940178354,18.400302,-34.028898;;;
20940178355,18.399908,-34.031598;;;
20940178356,18.396483,-34.032103;;;
20940178357,18.397252,-34.031087;;;
20940178358,18.397497,-34.031923;;;
20940178359,18.396955,-34.032045;;;
20940178360,18.391393,-34.034088;;;
20940178361,18.391332,-34.034515;;;
20940178362,18.391728,-34.035262;;;
20940178363,18.383985,-34.035788;;;
20940178364,18.39124,-34.034288;;;
20940178365,18.391458,-34.034347;;;
20940178366,18.392973,-34.033255;;;
20940178367,18.383873,-34.026357;;;
20940178368,18.391868,-34.030137;;;
20940178369,18.392987,-34.02963;;;
20940178370,18.392902,-34.029757;;;
20940178371,18.392992,-34.02979;;;
20940178372,18.392902,-34.029735;;;
20940178373,18.393118,-34.029572;;;
20940178374,18.392725,-34.029837;;;
20940178375,18.393043,-34.029655;;;
20940178376,18.393042,-34.029708;;;
20940178377,18.393073,-34.02972;;;
20940178378,18.39289,-34.029863;;;
20940178379,18.39296,-34.02972;;;
20940178380,18.393215,-34.029428;;;
20940178381,18.392977,-34.029702;;;
20940178382,18.393165,-34.029673;;;
20940178383,18.393127,-34.02976;;;
20940178384,18.392937,-34.029788;;;
20940178385,18.392905,-34.029867;;;
20940178386,18.396503,-34.031355;;;
20940178387,18.39614,-34.031427;;;
20940178388,18.395063,-34.032173;;;
20940178389,18.394948,-34.032242;;;
20940178390,18.394445,-34.0344;;;
20940178391,18.393828,-34.035458;;;
20940178392,18.39403,-34.035352;;;
20940178393,18.393782,-34.034825;;;
20940178394,18.394468,-34.034423;;;
20940178395,18.394068,-34.0346;;;
20940178396,18.393802,-34.034562;;;
20940178397,18.393805,-34.034562;;;
20940178398,18.39376,-34.034555;;;
20940178399,18.393763,-34.034562;;;
20940178400,18.39378,-34.034523;;;
20940178401,18.393772,-34.034537;;;
20940178402,18.39436,-34.034927;;;
20940178403,18.394588,-34.034805;;;
20940178404,18.394807,-34.034665;;;
20940178405,18.394118,-34.03518;;;
20940178406,18.394233,-34.034847;;;
20940178407,18.394022,-34.034803;;;
20940178408,18.393923,-34.034765;;;
20940178409,18.39411,-34.034597;;;
20940178410,18.393672,-34.034602;;;
20940178411,18.394148,-34.034505;;;
20940178412,18.394412,-34.035398;;;
20940178413,18.394263,-34.035402;;;
20940178414,18.395112,-34.034813;;;
20940178415,18.394603,-34.035177;;;
20940178416,18.394612,-34.034582;;;
20940178417,18.394857,-34.035328;;;
20940178418,18.394657,-34.035375;;;
20940178419,18.395237,-34.035357;;;
20940178420,18.394343,-34.035433;;;
20940178421,18.394213,-34.035297;;;
20940178422,18.394183,-34.03516;;;
20940178423,18.394272,-34.035318;;;
20940178424,18.394223,-34.035333;;;
20940178425,18.394257,-34.035323;;;
20940178426,18.394347,-34.035303;;;
20940178427,18.394183,-34.035335;;;
20940178428,18.394333,-34.03522;;;
20940178429,18.394393,-34.035263;;;
20940178430,18.3951,-34.03544;;;
20940178431,18.394197,-34.03532;;;
20940178432,18.394263,-34.035253;;;
20940178433,18.394293,-34.035267;;;
20940178434,18.394252,-34.035355;;;
20940178435,18.394465,-34.035353;;;
20940178436,18.3943,-34.035347;;;
20940178437,18.394413,-34.035365;;;
20940178438,18.394568,-34.034835;;;
20940178439,18.394555,-34.034765;;;
20940178440,18.394287,-34.03498;;;
20940178441,18.394373,-34.034995;;;
20940178442,18.393993,-34.034947;;;
20940178443,18.39402,-34.03518;;;
20940178444,18.394147,-34.035188;;;
20940178445,18.39445,-34.035125;;;
20940178446,18.394067,-34.03529;;;
20940178447,18.394062,-34.035357;;;
20940178448,18.394195,-34.033812;;;
20940178449,18.394187,-34.033827;;;
20940178450,18.394122,-34.033813;;;
20940178451,18.394137,-34.033873;;;
20940178452,18.394075,-34.033975;;;
20940178453,18.394133,-34.034007;;;
20940178454,18.394692,-34.034978;;;
20940178455,18.394487,-34.03471;;;
20940178456,18.394427,-34.034033;;;
20940178457,18.394537,-34.034012;;;
20940178458,18.394532,-34.034008;;;
20940178459,18.394437,-34.034018;;;
20940178460,18.396153,-34.032815;;;
20940178461,18.397163,-34.032167;;;
20940178462,18.397353,-34.031707;;;
20940178463,18.397377,-34.031058;;;
20940178464,18.397068,-34.031143;;;
20940178465,18.395112,-34.030762;;;
20940178466,18.393453,-34.032153;;;
20940178467,18.392913,-34.031077;;;
20940178468,18.387197,-34.0281;;;
20940178469,18.386258,-34.027948;;;
20940178470,18.386533,-34.027557;;;
20940178471,18.3941,-34.035483;;;
20940178472,18.390717,-34.035817;;;
20940178473,18.39305,-34.031257;;;
20940178474,18.384027,-34.026622;;;
20940178475,18.3979,-34.005925;;;
20940178476,18.39829,-34.005253;;;
20940178477,18.39896,-34.005452;;;
20940178478,18.397967,-34.006132;;;
20940178479,18.396027,-34.003612;;;
20940178480,18.3972,-34.001942;;;
20940178481,18.396522,-33.999773;;;
20940178482,18.399463,-34.005047;;;
20940178483,18.410917,-34.008092;;;
20940178484,18.41119,-34.00756;;;
20940178485,18.409528,-34.008303;;;
20940178486,18.390483,-34.028985;;;
20940178487,18.388818,-34.03052;;;
20940178488,18.389182,-34.037893;;;
20940178489,18.389117,-34.037342;;;
20940178490,18.38892,-34.037727;;;
20940178491,18.388963,-34.037753;;;
20940178492,18.388792,-34.037395;;;
20940178493,18.389047,-34.037128;;;
20940178494,18.387185,-34.038188;;;
20940178495,18.38793,-34.037502;;;
20940178496,18.389208,-34.03729;;;
20940178497,18.388855,-34.037528;;;
20940178498,18.381718,-34.039743;;;
20940178499,18.38022,-34.039547;;;
20940178500,18.379738,-34.039802;;;
20940178501,18.388878,-34.03755;;;
20940178502,18.388832,-34.037487;;;
20940178503,18.388893,-34.037588;;;
20940178504,18.388843,-34.037513;;;
20940178505,18.392187,-34.03617;;;
20940178506,18.387263,-34.03622;;;
20940178507,18.38101,-34.035288;;;
20940178508,18.381773,-34.037655;;;
20940178509,18.397193,-34.030132;;;
20940178510,18.407095,-34.0289;;;
20940178511,18.398023,-34.030152;;;
20940178512,18.3832,-34.045362;;;
20940178513,18.386405,-34.047375;;;
20940178514,18.386915,-34.063932;;;
20940178515,18.409788,-34.08276;;;
20940178516,18.41406,-34.092052;;;
20940178517,18.413243,-34.092248;;;
20940178518,18.418565,-34.095277;;;
20940178519,18.419737,-34.096523;;;
20940178520,18.394173,-34.096325;;;
20940178521,18.394122,-34.096312;;;
20940178522,18.394052,-34.09633;;;
20940178523,18.39519,-34.096532;;;
20940178524,18.394905,-34.095685;;;
20940178525,18.3951,-34.0958;;;
20940178526,18.395153,-34.095703;;;
20940178527,18.395185,-34.09555;;;
20940178528,18.395168,-34.09563;;;
20940178529,18.395382,-34.095298;;;
20940178530,18.395523,-34.094855;;;
20940178531,18.395472,-34.095513;;;
20940178532,18.394807,-34.094857;;;
20940178533,18.395237,-34.094858;;;
20940178534,18.393508,-34.096007;;;
20940178535,18.394008,-34.09586;;;
20940178536,18.393793,-34.096478;;;
20940178537,18.3938,-34.096425;;;
20940178538,18.393782,-34.09646;;;
20940178539,18.39378,-34.096525;;;
20940178540,18.393855,-34.096425;;;
20940178541,18.39372,-34.096572;;;
20940178542,18.393643,-34.096608;;;
20940178543,18.393788,-34.096637;;;
20940178544,18.393825,-34.096497;;;
20940178545,18.393803,-34.0965;;;
20940178546,18.393807,-34.09651;;;
20940178547,18.393027,-34.09659;;;
20940178548,18.394653,-34.098462;;;
20940178549,18.393688,-34.096515;;;
20940178550,18.393545,-34.096628;;;
20940178551,18.394207,-34.09644;;;
20940178552,18.393977,-34.096722;;;
20940178553,18.393815,-34.096668;;;
20940178554,18.393652,-34.096895;;;
20940178555,18.393527,-34.096788;;;
20940178556,18.393308,-34.096685;;;
20940178557,18.393275,-34.096688;;;
20940178558,18.393305,-34.09671;;;
20940178559,18.393375,-34.096972;;;
20940178560,18.393355,-34.096983;;;
20940178561,18.393478,-34.096987;;;
20940178562,18.393265,-34.096508;;;
20940178563,18.39333,-34.096442;;;
20940178564,18.392905,-34.096767;;;
20940178565,18.393683,-34.09572;;;
20940178566,18.393473,-34.09597;;;
20940178567,18.395183,-34.09584;;;
20940178568,18.39512,-34.09583;;;
20940178569,18.394287,-34.095573;;;
20940178570,18.394277,-34.095482;;;
20940178571,18.395377,-34.095952;;;
20940178572,18.3955,-34.095688;;;
20940178573,18.3958,-34.095748;;;
20940178574,18.396822,-34.095843;;;
20940178575,18.398668,-34.095012;;;
20940178576,18.403323,-34.09078;;;
20940178577,18.402358,-34.087278;;;
20940178578,18.396725,-34.08297;;;
20940178579,18.392267,-34.079753;;;
20940178580,18.3913,-34.078825;;;
20940178581,18.390165,-34.078353;;;
20940178582,18.386923,-34.076212;;;
20940178583,18.382173,-34.073807;;;
20940178584,18.381555,-34.072773;;;
20940178585,18.3816,-34.071957;;;
20940178586,18.38243,-34.073332;;;
20940178587,18.38228,-34.073568;;;
20940178588,18.382342,-34.073608;;;
20940178589,18.382313,-34.07359;;;
20940178590,18.382292,-34.073588;;;
20940178591,18.382252,-34.073568;;;
20940178592,18.382302,-34.073563;;;
20940178593,18.388595,-34.06525;;;
20940178594,18.387935,-34.064905;;;
20940178595,18.388118,-34.065155;;;
20940178596,18.388145,-34.064803;;;
20940178597,18.387925,-34.06557;;;
20940178598,18.388542,-34.064857;;;
20940178599,18.388353,-34.064985;;;
20940178600,18.387948,-34.064793;;;
20940178601,18.388492,-34.065142;;;
20940178602,18.388317,-34.065563;;;
20940178603,18.387072,-34.065427;;;
20940178604,18.387615,-34.065288;;;
20940178605,18.387683,-34.065203;;;
20940178606,18.388143,-34.065325;;;
20940178607,18.388352,-34.064337;;;
20940178608,18.387773,-34.06475;;;
20940178609,18.388193,-34.06626;;;
20940178610,18.38766,-34.06569;;;
20940178611,18.388107,-34.065192;;;
20940178612,18.387845,-34.064355;;;
20940178613,18.38854,-34.064858;;;
20940178614,18.389133,-34.065672;;;
20940178615,18.387965,-34.065378;;;
20940178616,18.388267,-34.06513;;;
20940178617,18.386808,-34.064165;;;
20940178618,18.387882,-34.065398;;;
20940178619,18.388153,-34.065313;;;
20940178620,18.388292,-34.065487;;;
20940178621,18.388267,-34.06481;;;
20940178622,18.38821,-34.065337;;;
20940178623,18.387977,-34.065258;;;
20940178624,18.388058,-34.06542;;;
20940178625,18.38724,-34.065313;;;
20940178626,18.388262,-34.065318;;;
20940178627,18.385998,-34.065875;;;
20940178628,18.38753,-34.065628;;;
20940178629,18.387295,-34.065515;;;
20940178630,18.386538,-34.063922;;;
20940178631,18.386413,-34.06423;;;
20940178632,18.388582,-34.065928;;;
20940178633,18.387698,-34.065668;;;
20940178634,18.384538,-34.060128;;;
20940178635,18.388538,-34.060882;;;
20940178636,18.388875,-34.062103;;;
20940178637,18.386328,-34.065598;;;
20940178638,18.365698,-34.080935;;;
20940178639,18.372458,-34.06317;;;
20940178640,18.373237,-34.060387;;;
20940178641,18.373253,-34.06054;;;
20940178642,18.377557,-34.037958;;;
20940178643,18.390428,-34.029672;;;
20940178644,18.39047,-34.029642;;;
20940178645,18.390913,-34.029638;;;
20940178646,18.403458,-34.009035;;;
20940178647,18.423303,-33.999272;;;
20940178648,18.423228,-33.99945;;;
20940178649,18.42463,-33.989798;;;
20940178650,18.443423,-33.972977;;;
20940178651,18.444282,-33.971095;;;
20940178652,18.444028,-33.971252;;;
20940178653,18.452138,-33.958537;;;
20940178654,18.45692,-33.95155;;;
20940178655,18.458297,-33.948055;;;
20940178656,18.45892,-33.948063;;;
20940178657,18.458587,-33.948297;;;
20940178658,18.45881,-33.948237;;;
20940178659,18.459498,-33.950655;;;
20940178660,18.459378,-33.95003;;;
20940178661,18.45979,-33.950765;;;
20940178662,18.461677,-33.950162;;;
20940178663,18.461,-33.943993;;;
20940178664,18.464495,-33.945898;;;
20940178665,18.459317,-33.945773;;;
20940178666,18.452282,-33.944488;;;
20940178667,18.46262,-33.952157;;;
20940178668,18.460503,-33.951448;;;
20940178669,18.460443,-33.951307;;;
20940178670,18.459987,-33.951212;;;
20940178671,18.46203,-33.952297;;;
20940178672,18.461975,-33.952302;;;
20940178673,18.462293,-33.952168;;;
20940178674,18.462185,-33.952258;;;
20940178675,18.463165,-33.953222;;;
20940178676,18.461973,-33.953122;;;
20940178677,18.449502,-33.968947;;;
20940178678,18.449718,-33.95969;;;
20940178679,18.45259,-33.960183;;;
20940178680,18.451882,-33.957522;;;
20940178681,18.451228,-33.957637;;;
20940178682,18.454328,-33.960932;;;
20940178683,18.455755,-33.962392;;;
20940178684,18.454355,-33.963447;;;
20940178685,18.450812,-33.965648;;;
20940178686,18.450628,-33.963867;;;
20940178687,18.454918,-33.95833;;;
20940178688,18.457427,-33.953892;;;
20940178689,18.457302,-33.954157;;;
20940178690,18.456617,-33.953563;;;
20940178691,18.457163,-33.954623;;;
20940178692,18.459305,-33.954387;;;
20940178693,18.462047,-33.952033;;;
20940178694,18.460833,-33.950133;;;
20940178695,18.460865,-33.950238;;;
20940178696,18.462265,-33.949807;;;
20940178697,18.458087,-33.947933;;;
20940178698,18.455662,-33.943282;;;
20940178699,18.45314,-33.943023;;;
20940178700,18.453157,-33.945035;;;
20940178701,18.447795,-33.944665;;;
20940178702,18.462125,-33.951528;;;
20940178703,18.460883,-33.95057;;;
20940178704,18.460928,-33.950418;;;
20940178705,18.462422,-33.948563;;;
20940178706,18.46386,-33.94477;;;
20940178707,18.4532,-33.946293;;;
20940178708,18.453647,-33.946813;;;
20940178709,18.451253,-33.957723;;;
20940178710,18.45253,-33.959863;;;
20940178711,18.452953,-33.959763;;;
20940178712,18.447328,-33.962817;;;
20940178713,18.452605,-33.964302;;;
20940178715,18.4537,-33.963255;;;
20940178717,18.449462,-33.962385;;;
20940178719,18.44914,-33.962255;;;
20940178721,18.448855,-33.962058;;;
20940178723,18.454753,-33.960137;;;
20940178724,18.454693,-33.960088;;;
20940178726,18.456882,-33.962018;;;
20940178728,18.44917,-33.959667;;;
20940178730,18.44934,-33.961597;;;
20940178732,18.458448,-33.95453;;;
20940178734,18.466132,-33.949518;;;
20940178736,18.466323,-33.949387;;;
20940178738,18.466202,-33.949695;;;
20940178740,18.466233,-33.949603;;;
20940178741,18.466103,-33.94966;;;
20940178743,18.460765,-33.950423;;;
20940178745,18.460607,-33.95034;;;
20940178747,18.461227,-33.950953;;;
20940178749,18.462657,-33.94983;;;
20940178751,18.45672,-33.944678;;;
20940178753,18.45602,-33.943848;;;
20940178755,18.438278,-33.946338;;;
20940178764,18.4289,-33.954663;;;
20940178774,18.420207,-33.95071;;;
20940178784,18.418828,-33.953978;;;
20940178794,18.41914,-33.954472;;;
20940178804,18.41814,-33.954075;;;
20940178823,18.4364,-33.949313;;;
20940178833,18.450208,-33.943547;;;
20940178842,18.46322,-33.947973;;;
20940178844,18.466012,-33.949413;;;
20940178854,18.464915,-33.951472;;;
20940178863,18.460807,-33.95054;;;
20940178874,18.460897,-33.950582;;;
20940178876,18.459987,-33.950965;;;
20940178878,18.464797,-33.945993;;;
20940178881,18.46416,-33.946682;;;
20940178884,18.464112,-33.946827;;;
20940178887,18.462863,-33.949272;;;
20940178888,18.464808,-33.950355;;;
20940178891,18.465192,-33.950268;;;
20940178894,18.45817,-33.950743;;;
20940178897,18.458947,-33.95112;;;
20940178900,18.457938,-33.952177;;;
20940178903,18.45194,-33.959027;;;
20940178906,18.452567,-33.959387;;;
20940178909,18.456157,-33.961395;;;
20940178911,18.455333,-33.961648;;;
20940178912,18.456578,-33.962612;;;
20940178915,18.452387,-33.963642;;;
20940178918,18.446132,-33.974192;;;
20940178921,18.442327,-33.973258;;;
20940178924,18.445905,-33.971807;;;
20940178929,18.45168,-33.963707;;;
20940178932,18.451738,-33.963785;;;
20940178935,18.451692,-33.963795;;;
20940178936,18.451712,-33.963567;;;
20940178939,18.451748,-33.963692;;;
20940178942,18.451965,-33.965555;;;
20940178945,18.45225,-33.965447;;;
20940178948,18.452467,-33.965535;;;
20940178951,18.450343,-33.962557;;;
20940178954,18.450682,-33.962633;;;
20940178957,18.450502,-33.962727;;;
20940178959,18.450562,-33.962713;;;
20940178960,18.450422,-33.960753;;;
20940178963,18.448497,-33.959732;;;
20940178966,18.452972,-33.959372;;;
20940178969,18.45884,-33.955467;;;
20940178972,18.461475,-33.949812;;;
20940178975,18.463538,-33.944402;;;
20940178977,18.455695,-33.941007;;;
20940178979,18.456647,-33.940993;;;
20940178981,18.462668,-33.952362;;;
20940178982,18.46327,-33.952067;;;
20940178985,18.462608,-33.95321;;;
20940178990,18.427595,-33.988588;;;
20940178993,18.423705,-33.991075;;;
20940178996,18.42225,-33.990642;;;
20940178999,18.422208,-33.990583;;;
20940179002,18.416208,-33.991047;;;
20940179005,18.415827,-33.990925;;;
20940179006,18.41578,-33.990788;;;
20940179009,18.416922,-33.988192;;;
20940179012,18.415278,-33.989123;;;
20940179015,18.414738,-33.99;;;
20940179018,18.403682,-33.984753;;;
20940179021,18.397667,-33.973043;;;
20940179023,18.39567,-33.97494;;;
20940179025,18.37685,-33.990318;;;
20940179026,18.383235,-33.99987;;;
20940179027,18.383215,-34.001673;;;
20940179030,18.382273,-34.000948;;;
20940179033,18.382278,-34.000755;;;
20940179036,18.382,-34.000863;;;
20940179039,18.381842,-34.000278;;;
20940179042,18.381833,-34.000857;;;
20940179045,18.381993,-34.000382;;;
20940179046,18.381988,-34.001283;;;
20940179047,18.381915,-34.000823;;;
20940179048,18.381908,-34.001042;;;
20940179049,18.382008,-33.999752;;;
20940179050,18.381952,-34.000638;;;
20940179051,18.38193,-34.000825;;;
20940179052,18.381962,-34.000862;;;
20940179053,18.381975,-34.000838;;;
20940179056,18.381973,-34.00085;;;
20940179057,18.381608,-34.00197;;;
20940179058,18.381858,-34.001292;;;
20940179059,18.381988,-34.000818;;;
20940179060,18.38221,-34.00161;;;
20940179061,18.38202,-34.000962;;;
20940179062,18.382072,-34.00097;;;
20940179063,18.381972,-34.000878;;;
20940179064,18.382018,-34.000792;;;
20940179067,18.382008,-34.000752;;;
20940179068,18.382078,-34.000762;;;
20940179069,18.381815,-34.0011;;;
20940179070,18.381872,-34.001062;;;
20940179071,18.381797,-34.00078;;;
20940179072,18.381948,-34.001383;;;
20940179073,18.382002,-34.000858;;;
20940179074,18.382195,-34.001182;;;
20940179075,18.38201,-34.001045;;;
20940179078,18.381683,-34.001247;;;
20940179079,18.381875,-34.000927;;;
20940179080,18.381618,-34.001858;;;
20940179081,18.382225,-34.001065;;;
20940179082,18.381953,-34.000882;;;
20940179083,18.381937,-34.000672;;;
20940179084,18.381928,-34.000803;;;
20940179085,18.382392,-34.001137;;;
20940179087,18.382278,-34.000965;;;
20940179088,18.382425,-34.000873;;;
20940179089,18.38245,-34.000792;;;
20940179090,18.38219,-34.001028;;;
20940179091,18.38215,-34.001007;;;
20940179092,18.382162,-34.001118;;;
20940179093,18.382147,-34.001208;;;
20940179094,18.382105,-34.001088;;;
20940179095,18.382132,-34.001203;;;
20940179098,18.382168,-34.00098;;;
20940179099,18.382185,-34.000903;;;
20940179100,18.382225,-34.000663;;;
20940179101,18.382317,-34.000783;;;
20940179102,18.382338,-34.000635;;;
20940179103,18.382323,-34.001742;;;
20940179104,18.382145,-34.000988;;;
20940179105,18.382088,-34.00103;;;
20940179106,18.382122,-34.000895;;;
20940179109,18.38197,-34.000863;;;
20940179110,18.382027,-34.000927;;;
20940179111,18.381867,-34.00012;;;
20940179112,18.381765,-34.000332;;;
20940179113,18.381925,-34.000405;;;
20940179114,18.382042,-34.000787;;;
20940179115,18.38192,-34.00087;;;
20940179116,18.38195,-34.000825;;;
20940179117,18.381885,-34.000862;;;
20940179120,18.38188,-34.000778;;;
20940179121,18.381862,-34.00088;;;
20940179122,18.381898,-34.000868;;;
20940179123,18.382038,-34.001475;;;
20940179124,18.382107,-34.001152;;;
20940179125,18.382077,-34.00088;;;
20940179126,18.382038,-34.000895;;;
20940179127,18.381927,-34.000767;;;
20940179128,18.38212,-34.000837;;;
20940179131,18.381927,-34.001077;;;
20940179132,18.38199,-34.000907;;;
20940179133,18.381897,-34.000855;;;
20940179134,18.381907,-34.000793;;;
20940179135,18.381882,-33.999487;;;
20940179136,18.381782,-34.00075;;;
20940179137,18.381995,-34.000902;;;
20940179156,18.382455,-34.000732;;;
20940179175,18.382342,-34.000855;;;
20940179211,18.38226,-34.001178;;;
20940179230,18.38176,-34.00096;;;
20940179248,18.382032,-34.000932;;;
20940179267,18.381937,-34.00062;;;
20940179286,18.38164,-34.000767;;;
20940179305,18.38236,-34.00096;;;
20940179324,18.382678,-34.000662;;;
20940179341,18.385525,-34.00287;;;
20940179360,18.387592,-34.006092;;;
20940179363,18.39324,-34.009167;;;
20940179366,18.399382,-34.008418;;;
20940179369,18.399445,-34.008275;;;
20940179372,18.40907,-34.006952;;;
20940179375,18.42321,-34.002885;;;
20940179378,18.423803,-34.001195;;;
20940179385,18.46049,-33.950392;;;
20940179388,18.462382,-33.945607;;;
20940179391,18.461027,-33.946815;;;
20940179394,18.460127,-33.949968;;;
20940179396,18.463362,-33.95223;;;
20940179398,18.464918,-33.95082;;;
20940179401,18.45775,-33.962228;;;
20940179404,18.45761,-33.962202;;;
20940179407,18.458092,-33.962257;;;
20940179409,18.457725,-33.962052;;;
20940179411,18.457617,-33.961917;;;
20940179413,18.454013,-33.960683;;;
20940179415,18.454515,-33.960022;;;
20940179418,18.453252,-33.959428;;;
20940179421,18.45386,-33.95805;;;
20940179424,18.454408,-33.958097;;;
20940179427,18.45705,-33.954393;;;
20940179430,18.459763,-33.948958;;;
20940179433,18.458088,-33.946793;;;
20940179437,18.456302,-33.943455;;;
20940179440,18.463147,-33.951657;;;
20940179443,18.459243,-33.950793;;;
20940179447,18.458968,-33.950828;;;
20940179451,18.463642,-33.949042;;;
20940179455,18.464307,-33.950023;;;
20940179459,18.464307,-33.950197;;;
20940179463,18.464565,-33.945138;;;
20940179469,18.453005,-33.963552;;;
20940179473,18.452362,-33.963658;;;
20940179476,18.451202,-33.960013;;;
20940179480,18.448877,-33.959865;;;
20940179487,18.450958,-33.95723;;;
20940179491,18.450622,-33.957043;;;
20940179496,18.455535,-33.962107;;;
20940179501,18.456412,-33.961767;;;
20940179506,18.45349,-33.964342;;;
20940179511,18.453655,-33.966432;;;
20940179516,18.448633,-33.960187;;;
20940179521,18.448433,-33.957673;;;
20940179526,18.448695,-33.957533;;;
20940179534,18.44848,-33.957508;;;
20940179535,18.451707,-33.958425;;;
20940179536,18.454813,-33.958262;;;
20940179537,18.45522,-33.961907;;;
20940179538,18.456343,-33.961875;;;
20940179543,18.456222,-33.961975;;;
20940179544,18.456202,-33.961942;;;
20940179545,18.456338,-33.961892;;;
20940179546,18.456587,-33.962332;;;
20940179547,18.456773,-33.961997;;;
20940179548,18.4568,-33.961608;;;
20940179549,18.456835,-33.961643;;;
20940179550,18.455963,-33.962122;;;
20940179551,18.455867,-33.962103;;;
20940179556,18.456225,-33.965515;;;
20940179557,18.451793,-33.963668;;;
20940179558,18.451722,-33.963678;;;
20940179559,18.45058,-33.96364;;;
20940179560,18.449365,-33.96457;;;
20940179561,18.452627,-33.964285;;;
20940179562,18.458878,-33.963938;;;
20940179563,18.453788,-33.96425;;;
20940179564,18.452358,-33.960047;;;
20940179569,18.450277,-33.958957;;;
20940179570,18.450435,-33.959082;;;
20940179571,18.450285,-33.958393;;;
20940179572,18.455627,-33.956845;;;
20940179573,18.455503,-33.956632;;;
20940179574,18.455512,-33.956652;;;
20940179575,18.45893,-33.955563;;;
20940179576,18.460278,-33.953545;;;
20940179577,18.46066,-33.953377;;;
20940179582,18.460648,-33.953385;;;
20940179583,18.461595,-33.953088;;;
20940179584,18.461918,-33.953073;;;
20940179585,18.461727,-33.953068;;;
20940179586,18.462143,-33.952675;;;
20940179587,18.461957,-33.952692;;;
20940179588,18.461945,-33.95265;;;
20940179589,18.462197,-33.95272;;;
20940179590,18.46231,-33.952672;;;
20940179595,18.461897,-33.952695;;;
20940179596,18.463277,-33.952375;;;
20940179597,18.463327,-33.952247;;;
20940179598,18.462852,-33.951377;;;
20940179599,18.464132,-33.950128;;;
20940179600,18.464112,-33.950318;;;
20940179601,18.462847,-33.949168;;;
20940179602,18.463857,-33.950093;;;
20940179603,18.463848,-33.950132;;;
20940179608,18.464067,-33.95022;;;
20940179609,18.464102,-33.950125;;;
20940179610,18.464122,-33.95006;;;
20940179611,18.463985,-33.950282;;;
20940179612,18.463753,-33.950163;;;
20940179613,18.463898,-33.950195;;;
20940179614,18.46415,-33.950167;;;
20940179615,18.464277,-33.949923;;;
20940179616,18.464397,-33.95001;;;
20940179621,18.464217,-33.949872;;;
20940179622,18.464122,-33.950157;;;
20940179623,18.463847,-33.9504;;;
20940179624,18.464047,-33.950257;;;
20940179625,18.463892,-33.950187;;;
20940179626,18.463875,-33.9502;;;
20940179627,18.463952,-33.95025;;;
20940179628,18.463797,-33.95042;;;
20940179629,18.463835,-33.950385;;;
20940179634,18.464632,-33.950768;;;
20940179638,18.46561,-33.95148;;;
20940179643,18.46102,-33.950627;;;
20940179647,18.461108,-33.950537;;;
20940179652,18.460483,-33.951122;;;
20940179657,18.460368,-33.946982;;;
20940179661,18.460212,-33.94671;;;
20940179666,18.462838,-33.948817;;;
20940179698,18.462842,-33.949932;;;
20940179735,18.462303,-33.951298;;;
20940179772,18.457977,-33.950967;;;
20940179809,18.458188,-33.95097;;;
20940179846,18.458397,-33.95015;;;
20940179883,18.458023,-33.949897;;;
20940179920,18.457883,-33.950057;;;
20940179993,18.460198,-33.95081;;;
20940180030,18.46524,-33.950547;;;
20940180063,18.45202,-33.963425;;;
20940180099,18.45117,-33.960428;;;
20940180104,18.451928,-33.95933;;;
20940180109,18.45152,-33.958737;;;
20940180113,18.451417,-33.958693;;;
20940180122,18.453495,-33.960087;;;
20940180127,18.451957,-33.963723;;;
20940180132,18.447993,-33.959497;;;
20940180136,18.455568,-33.956642;;;
20940180141,18.454697,-33.96016;;;
20940180146,18.455742,-33.961698;;;
20940180151,18.455735,-33.961668;;;
20940180159,18.456338,-33.961895;;;
20940180164,18.456813,-33.961935;;;
20940180173,18.460512,-33.951467;;;
20940180178,18.469457,-33.9444;;;
20940180183,18.460702,-33.952433;;;
20940180194,18.459717,-33.953313;;;
20940180198,18.463097,-33.952738;;;
20940180203,18.458162,-33.950218;;;
20940180208,18.452278,-33.941745;;;
20940180213,18.444997,-33.939533;;;
20940180218,18.445073,-33.940338;;;
20940180222,18.44473,-33.940535;;;
20940180226,18.4449,-33.940573;;;
20940180231,18.447212,-33.944427;;;
20940180236,18.455568,-33.96128;;;
20940180241,18.457155,-33.96412;;;
20940180244,18.44429,-33.975325;;;
20940180248,18.452232,-33.963638;;;
20940180253,18.452077,-33.963842;;;
20940180257,18.4514,-33.964933;;;
20940180265,18.455573,-33.96214;;;
20940180270,18.455562,-33.962087;;;
20940180275,18.459563,-33.96105;;;
20940180279,18.464345,-33.952358;;;
20940180284,18.46421,-33.945995;;;
20940180288,18.459045,-33.944673;;;
20940180292,18.464255,-33.943895;;;
20940180297,18.46436,-33.948668;;;
20940180301,18.46438,-33.948668;;;
20940180302,18.464357,-33.948673;;;
20940180303,18.464335,-33.94865;;;
20940180304,18.464282,-33.948682;;;
20940180305,18.464438,-33.948693;;;
20940180306,18.465012,-33.94878;;;
20940180307,18.465755,-33.949113;;;
20940180308,18.465617,-33.949273;;;
20940180309,18.4657,-33.949222;;;
20940180314,18.465845,-33.949088;;;
20940180315,18.465627,-33.949188;;;
20940180316,18.465948,-33.94904;;;
20940180317,18.466233,-33.948993;;;
20940180318,18.466208,-33.949105;;;
20940180319,18.466298,-33.948982;;;
20940180320,18.466303,-33.949025;;;
20940180321,18.46642,-33.948912;;;
20940180322,18.466202,-33.949302;;;
20940180327,18.46524,-33.951015;;;
20940180328,18.463395,-33.951805;;;
20940180329,18.462097,-33.952302;;;
20940180330,18.46207,-33.952728;;;
20940180331,18.462102,-33.952675;;;
20940180332,18.461958,-33.952845;;;
20940180333,18.461653,-33.952883;;;
20940180334,18.461672,-33.952888;;;
20940180335,18.461718,-33.952838;;;
20940180339,18.461672,-33.952878;;;
20940180340,18.461738,-33.95291;;;
20940180341,18.461888,-33.953037;;;
20940180342,18.46131,-33.952718;;;
20940180343,18.462113,-33.952892;;;
20940180344,18.46207,-33.952828;;;
20940180345,18.461695,-33.952957;;;
20940180346,18.461502,-33.952922;;;
20940180347,18.461408,-33.952982;;;
20940180352,18.461127,-33.95305;;;
20940180353,18.461045,-33.95314;;;
20940180354,18.460837,-33.953788;;;
20940180355,18.459862,-33.953798;;;
20940180356,18.4601,-33.953937;;;
20940180357,18.459077,-33.955568;;;
20940180358,18.454917,-33.958047;;;
20940180359,18.454935,-33.957998;;;
20940180360,18.454913,-33.95806;;;
20940180365,18.454913,-33.958063;;;
20940180366,18.454918,-33.958085;;;
20940180367,18.454977,-33.958035;;;
20940180368,18.454975,-33.958063;;;
20940180369,18.454262,-33.957965;;;
20940180370,18.453753,-33.95825;;;
20940180371,18.453658,-33.958485;;;
20940180372,18.453887,-33.958335;;;
20940180373,18.453995,-33.958323;;;
20940180378,18.454058,-33.95827;;;
20940180379,18.45403,-33.95828;;;
20940180380,18.453705,-33.958437;;;
20940180381,18.453685,-33.958502;;;
20940180382,18.453557,-33.958318;;;
20940180383,18.453963,-33.958527;;;
20940180384,18.45406,-33.958462;;;
20940180385,18.45402,-33.95838;;;
20940180386,18.453805,-33.958373;;;
20940180390,18.453695,-33.958338;;;
20940180391,18.453713,-33.958513;;;
20940180392,18.454422,-33.958807;;;
20940180393,18.454005,-33.958833;;;
20940180394,18.453648,-33.958427;;;
20940180395,18.454893,-33.95878;;;
20940180396,18.454768,-33.95886;;;
20940180397,18.45448,-33.959498;;;
20940180402,18.453603,-33.959498;;;
20940180407,18.451803,-33.963663;;;
20940180413,18.44883,-33.959678;;;
20940180419,18.441515,-33.974363;;;
20940180425,18.43815,-33.973372;;;
20940180431,18.438088,-33.97337;;;
20940180437,18.438083,-33.973453;;;
20940180443,18.438147,-33.973857;;;
20940180449,18.437808,-33.974023;;;
20940180455,18.451418,-33.963733;;;
20940180460,18.449842,-33.956275;;;
20940180465,18.456962,-33.964333;;;
20940180470,18.457102,-33.965603;;;
20940180475,18.452137,-33.9628;;;
20940180480,18.451475,-33.963108;;;
20940180486,18.451597,-33.963497;;;
20940180532,18.452722,-33.961252;;;
20940180577,18.457873,-33.955648;;;
20940180620,18.463795,-33.950285;;;
20940180666,18.461135,-33.950962;;;
20940180712,18.46099,-33.94776;;;
20940180752,18.455247,-33.942942;;;
20940180795,18.455535,-33.942743;;;
20940180831,18.457187,-33.946302;;;
20940180876,18.45775,-33.946618;;;
20940180922,18.458057,-33.950815;;;
20940180962,18.458327,-33.950643;;;
20940181004,18.460967,-33.94944;;;
20940181010,18.460072,-33.946577;;;
20940181016,18.452378,-33.942233;;;
20940181021,18.452145,-33.94227;;;
20940181026,18.436138,-33.942973;;;
20940181031,18.43688,-33.94324;;;
20940181037,18.421505,-33.951065;;;
20940181043,18.42331,-33.95095;;;
20940181049,18.418655,-33.954422;;;
20940181055,18.397935,-33.943592;;;
20940181061,18.397693,-33.942765;;;
20940181067,18.397168,-33.943057;;;
20940181073,18.397075,-33.943148;;;
20940181079,18.396695,-33.943418;;;
20940181085,18.397907,-33.943728;;;
20940181096,18.386138,-33.942682;;;
20940181102,18.386547,-33.942417;;;
20940181108,18.385637,-33.940797;;;
20940181113,18.38323,-33.943543;;;
20940181119,18.38534,-33.941025;;;
20940181123,18.385422,-33.94097;;;
20940181129,18.387978,-33.94261;;;
20940181135,18.39035,-33.942675;;;
20940181141,18.391297,-33.943043;;;
20940181147,18.391127,-33.944177;;;
20940181153,18.392073,-33.943363;;;
20940181162,18.392083,-33.943338;;;
20940181167,18.392102,-33.943328;;;
20940181173,18.389973,-33.943957;;;
20940181182,18.390845,-33.945135;;;
